{"desenho": {
    "triangulo": [],
    "ponto": [
        {
            "esp": 24,
            "cor": {
                "r": 0,
                "b": 0,
                "g": 0
            },
            "x": 0.319,
            "y": 0.24153846153846154,
            "id": "ponto1"
        },
        {
            "esp": 24,
            "cor": {
                "r": 0,
                "b": 0,
                "g": 0
            },
            "x": 0.734,
            "y": 0.11384615384615385,
            "id": "ponto2"
        },
        {
            "esp": 24,
            "cor": {
                "r": 0,
                "b": 0,
                "g": 0
            },
            "x": 0.98,
            "y": 0.23153846153846153,
            "id": "ponto3"
        },
        {
            "esp": 24,
            "cor": {
                "r": 0,
                "b": 0,
                "g": 0
            },
            "x": 0.648,
            "y": 0.39384615384615385,
            "id": "ponto4"
        }
    ],
    "reta": [
        {
            "cor0": {
                "r": 0,
                "b": 0,
                "g": 0
            },
            "espessura": 24,
            "y1": 0.12461538461538461,
            "x1": 0.146,
            "y2": 0.16384615384615384,
            "x2": 0.505,
            "id": "reta0"
        },
        {
            "espessura": 24,
            "cor1": {
                "r": 0,
                "b": 0,
                "g": 0
            },
            "y1": 0.24,
            "x1": 0.172,
            "y2": 0.03923076923076923,
            "x2": 0.518,
            "id": "reta1"
        },
        {
            "cor2": {
                "r": 0,
                "b": 0,
                "g": 0
            },
            "espessura": 24,
            "y1": 0.16307692307692306,
            "x1": 0.752,
            "y2": 0.2592307692307692,
            "x2": 0.753,
            "id": "reta2"
        }
    ],
    "mandala": [],
    "retangulo": [],
    "circulo": []
}}